qtr,project_name,postal_district,25th_percentile,median,75th_percentile,rental_contracts
2020-Q4,10 SHELFORD,11,3.05,4.14,4.25,10
2020-Q4,18 WOODSVILLE,13,3.42,3.55,4.04,15
2020-Q4,1919,9,4.38,4.61,4.82,12
2020-Q4,2 RVG,9,3.92,3.93,4.16,10
2020-Q4,26 NEWTON,11,4.55,4.86,5.07,30
2020-Q4,368 THOMSON,11,3.06,3.24,3.49,24
2020-Q4,38 AMBER,15,2.81,2.89,3.12,10
2020-Q4,38 I SUITES,15,3.52,3.84,3.97,19
2020-Q4,6 DERBYSHIRE,11,4.04,4.45,4.69,28
2020-Q4,76 SHENTON,2,4.79,5.07,5.69,28
2020-Q4,8 @ MOUNT SOPHIA,9,3.63,3.88,4.18,30
2020-Q4,8 BASSEIN,11,4.65,4.87,4.88,15
2020-Q4,8 SAINT THOMAS,9,5.59,5.67,5.93,14
2020-Q4,8@WOODLEIGH,13,3.13,3.39,3.65,32
2020-Q4,A TREASURE TROVE,19,2.48,2.65,2.9,51
2020-Q4,ADANA @ THOMSON,20,3.39,3.57,3.61,11
2020-Q4,ADRIA,11,3.99,4.26,4.3,13
2020-Q4,ALEX RESIDENCES,3,4.62,4.87,5.46,24
2020-Q4,ALEXIS,3,3.86,4.56,5.16,59
2020-Q4,ALLSWORTH PARK,10,2.32,2.42,2.48,11
2020-Q4,ALTEZ,2,5.59,5.97,6.3,33
2020-Q4,AMARYLLIS VILLE,11,3.71,3.87,4.18,28
2020-Q4,AMBER RESIDENCES,15,3.2,3.36,3.61,11
2020-Q4,AMBERGLADES,15,2.7,2.85,3,41
2020-Q4,ANGULLIA PARK RESIDENCES@ORCHARD,10,3.82,4.06,4.32,12
2020-Q4,AQUARIUS BY THE PARK,16,2.28,2.37,2.57,28
2020-Q4,ARCHIPELAGO,16,2.8,3.01,3.31,30
2020-Q4,ARDMORE PARK,10,4.18,4.47,4.7,24
2020-Q4,ARTRA,3,4.58,4.71,5.08,60
2020-Q4,ASCENTIA SKY,3,3.52,3.71,3.92,40
2020-Q4,ASPEN HEIGHTS,9,3.18,3.38,3.52,64
2020-Q4,ASTON MANSIONS,14,2.57,2.67,2.74,10
2020-Q4,ASTORIA PARK,14,2.6,2.82,2.97,31
2020-Q4,ASTRID MEADOWS,10,2.76,3,3.45,14
2020-Q4,AVANT RESIDENCES,14,3.98,4.13,4.27,12
2020-Q4,AVILA GARDENS,17,1.76,1.9,2.03,15
2020-Q4,AZALEA PARK CONDOMINIUM,17,1.74,1.83,2.17,16
2020-Q4,BALLOTA PARK CONDOMINIUM,17,1.69,1.74,1.97,28
2020-Q4,BARTLEY RESIDENCES,19,2.97,3.24,4.16,56
2020-Q4,BARTLEY RIDGE,13,3.06,3.38,3.84,51
2020-Q4,BAYSHORE PARK,16,2.35,2.48,2.67,99
2020-Q4,BEACON HEIGHTS,12,2.51,2.75,2.88,14
2020-Q4,BEDOK RESIDENCES,16,3.4,3.82,4.3,77
2020-Q4,BELLE VUE RESIDENCES,9,3.01,3.68,4.16,18
2020-Q4,BELMOND GREEN,10,3.2,3.33,3.39,12
2020-Q4,BLOSSOMS @ WOODLEIGH,13,2.65,2.7,2.85,10
2020-Q4,BLUE HORIZON,5,2.86,2.94,3.1,28
2020-Q4,BOATHOUSE RESIDENCES,19,2.5,2.81,3.04,21
2020-Q4,BOTANIQUE AT BARTLEY,19,3.55,3.81,4.04,33
2020-Q4,BOTANNIA,5,2.78,2.92,3.1,22
2020-Q4,BULLION PARK,26,1.99,2.26,2.57,30
2020-Q4,BURLINGTON SQUARE,7,3.43,3.59,3.77,30
2020-Q4,CAIRNHILL CREST,9,3.55,3.67,3.78,20
2020-Q4,CAIRNHILL NINE,9,6.09,6.29,6.77,21
2020-Q4,CAIRNHILL PLAZA,9,1.95,2.05,2.14,10
2020-Q4,CAIRNHILL RESIDENCES,9,4.09,4.19,4.64,11
2020-Q4,CANBERRA RESIDENCES,27,2.5,2.59,2.75,19
2020-Q4,CAPE ROYALE,4,3.83,4.17,4.51,49
2020-Q4,CARDIFF RESIDENCE,19,3.86,4.1,4.29,18
2020-Q4,CARIBBEAN AT KEPPEL BAY,4,3.91,4.11,4.49,78
2020-Q4,CARISSA PARK CONDOMINIUM,17,1.91,2.02,2.27,32
2020-Q4,CASA CAMBIO,19,3.52,3.94,4.18,31
2020-Q4,CASA FORTUNA,12,2.85,3.47,3.88,12
2020-Q4,CASA MERAH,16,2.69,2.84,2.96,40
2020-Q4,CASA SARINA,14,2.21,2.28,2.56,10
2020-Q4,CASABLANCA,25,2.17,2.27,2.4,23
2020-Q4,CASHEW HEIGHTS CONDOMINIUM,23,1.7,1.75,2.03,22
2020-Q4,CASPIAN,22,2.69,2.88,3.1,42
2020-Q4,CASTLE GREEN,26,2.16,2.22,2.31,24
2020-Q4,CAVENAGH GARDENS,9,2.08,2.36,2.62,15
2020-Q4,CAVENAGH LODGE,9,2.59,2.88,2.97,11
2020-Q4,CENTENNIA SUITES,9,4.14,4.24,4.36,10
2020-Q4,CENTRA HEIGHTS,14,4.01,4.18,4.32,11
2020-Q4,CENTRA LOFT,14,3.93,4.01,4.1,11
2020-Q4,CENTRA RESIDENCE,14,3.56,4.2,4.77,12
2020-Q4,CENTRA SUITES,14,3.98,4.25,4.32,12
2020-Q4,CENTRAL GREEN CONDOMINIUM,3,3.02,3.24,3.48,31
2020-Q4,CENTRAL GROVE,14,2.54,2.64,2.74,17
2020-Q4,CENTRO RESIDENCES,20,3.41,3.57,3.7,30
2020-Q4,CHANGI COURT,16,2.16,2.24,2.35,33
2020-Q4,CHANGI GREEN,16,2.18,2.3,2.4,17
2020-Q4,CHANGI RISE CONDOMINIUM,18,2.08,2.22,2.34,18
2020-Q4,CHILTERN PARK,19,2.24,2.48,2.69,17
2020-Q4,CHUAN PARK,19,1.9,2.05,2.22,31
2020-Q4,CITY GATE,7,3.23,3.65,5.32,24
2020-Q4,CITY SQUARE RESIDENCES,8,3.23,3.63,3.94,101
2020-Q4,CITY SUITES,12,4.17,4.32,4.54,13
2020-Q4,CITYLIGHTS,8,3.49,4.28,4.57,67
2020-Q4,CITYSCAPE @FARRER PARK,8,2.69,2.84,3.03,24
2020-Q4,CLEMENTI PARK,21,1.84,1.95,2.14,20
2020-Q4,CLEMENTIWOODS CONDOMINIUM,5,3.02,3.25,3.56,11
2020-Q4,CLIVEDEN AT GRANGE,10,3.86,4.18,4.3,11
2020-Q4,CLOVER BY THE PARK,20,2.81,2.9,3.05,22
2020-Q4,COCO PALMS,18,2.92,3.14,3.89,50
2020-Q4,COMMONWEALTH TOWERS,3,4.43,4.87,5.17,91
2020-Q4,COMPASS HEIGHTS,19,2.18,2.32,2.48,23
2020-Q4,CONCOURSE SKYLINE,7,4.01,4.36,4.56,56
2020-Q4,CORALIS,15,3.54,3.66,4.19,14
2020-Q4,CORALS AT KEPPEL BAY,4,4.47,4.7,4.82,28
2020-Q4,COSTA DEL SOL,16,2.85,3.01,3.16,49
2020-Q4,COSTA RHU,15,2.72,2.93,3.13,49
2020-Q4,COTE D'AZUR,15,2.94,3.07,3.29,48
2020-Q4,CRADELS,12,3.78,4.31,4.42,21
2020-Q4,CUBE 8,11,3.25,3.54,3.89,19
2020-Q4,CUSCADEN RESIDENCES,10,3.47,3.73,3.89,15
2020-Q4,CYAN,10,3.79,4,4.16,39
2020-Q4,D'LEEDON,10,3.58,3.93,4.41,133
2020-Q4,D'NEST,18,2.72,2.96,3.51,71
2020-Q4,D'WEAVE,14,3.64,3.83,4.22,13
2020-Q4,DAHLIA PARK CONDOMINIUM,17,1.77,1.88,1.9,12
2020-Q4,DAKOTA RESIDENCES,14,3.35,3.52,3.65,25
2020-Q4,DE ROYALE,12,2.54,2.65,2.65,13
2020-Q4,DEVONSHIRE RESIDENCES,9,4.97,5.14,5.51,22
2020-Q4,DOMUS,12,3.21,3.36,4.38,10
2020-Q4,DOUBLE BAY RESIDENCES,18,2.6,2.79,2.88,38
2020-Q4,DOVER PARKVIEW,5,2.86,2.99,3.1,47
2020-Q4,DRAYCOTT EIGHT,10,4.14,4.45,4.54,17
2020-Q4,DUCHESS CREST,10,3.01,3.11,3.22,15
2020-Q4,DUCHESS RESIDENCES,10,3.09,3.26,3.35,14
2020-Q4,DUO RESIDENCES,7,4.99,5.41,5.87,73
2020-Q4,E MAISON,13,2.53,2.83,3.35,12
2020-Q4,EAST MEADOWS,16,2.27,2.38,2.58,22
2020-Q4,EAST VILLAGE,16,3.17,3.41,3.76,14
2020-Q4,EASTERN LAGOON,16,2.19,2.38,2.53,22
2020-Q4,EASTPOINT GREEN,18,2.3,2.4,2.51,53
2020-Q4,EASTWOOD REGENCY,16,3.33,3.51,3.57,12
2020-Q4,ECHELON,3,4.01,4.74,5.21,44
2020-Q4,ECO,16,3.07,3.31,3.45,53
2020-Q4,ECO SANCTUARY,23,2.72,3.02,3.31,24
2020-Q4,EDELWEISS PARK CONDOMINIUM,17,1.88,2.05,2.15,32
2020-Q4,EIGHT COURTYARDS,27,2.43,2.59,2.9,34
2020-Q4,EIGHT RIVERSUITES,12,3.36,3.83,4.76,79
2020-Q4,EMERALD GARDEN,1,3.2,3.36,3.61,40
2020-Q4,EMERALD PARK,3,2.81,2.85,3,27
2020-Q4,EON SHENTON,2,4.73,5.42,5.95,17
2020-Q4,ESPA,23,2.29,2.53,2.61,11
2020-Q4,ESPADA,9,4.96,6.1,6.48,54
2020-Q4,ESTELLA GARDENS,17,1.86,2.3,2.51,24
2020-Q4,EUHABITAT,14,3.28,3.53,3.7,96
2020-Q4,EURO-ASIA COURT,9,2.39,2.59,2.65,11
2020-Q4,EURO-ASIA PARK,13,2.14,2.34,2.44,10
2020-Q4,FABER GARDEN CONDOMINIUM,20,1.5,1.55,1.69,11
2020-Q4,FERRARIA PARK CONDOMINIUM,17,2.15,2.25,2.45,22
2020-Q4,FLAMINGO VALLEY,15,3.02,3.21,3.53,32
2020-Q4,FLO RESIDENCE,19,2.49,2.67,2.71,28
2020-Q4,FLORIDIAN,21,3.53,3.67,3.8,27
2020-Q4,FORESQUE RESIDENCES,23,2.64,2.95,3.67,26
2020-Q4,FORTE SUITES,8,4.06,4.07,4.48,13
2020-Q4,FOUR SEASONS PARK,10,3.47,3.72,3.98,13
2020-Q4,FULCRUM,15,3.62,3.76,4.3,18
2020-Q4,GARDENVISTA,21,3.14,3.22,3.29,22
2020-Q4,GEM RESIDENCES,12,3.62,4.05,4.54,88
2020-Q4,GILSTEAD TWO,11,3.87,4.09,4.52,21
2020-Q4,GLENDALE PARK,23,2.12,2.19,2.32,17
2020-Q4,GLENTREES,10,2.6,2.75,3.12,14
2020-Q4,GOLDENHILL PARK CONDOMINIUM,20,2.7,2.83,3.01,24
2020-Q4,GOODWOOD RESIDENCE,10,4.32,4.7,5.01,15
2020-Q4,GRANDE VISTA,28,1.47,1.6,1.73,10
2020-Q4,GRANDEUR 8,20,2.38,2.51,2.55,29
2020-Q4,GRANGE HEIGHTS,9,2.38,2.57,2.8,10
2020-Q4,GUILIN VIEW,23,2.07,2.22,2.55,19
2020-Q4,GUILLEMARD EDGE,14,3.57,4.16,4.31,37
2020-Q4,GUILLEMARD SUITES,14,3.66,4.06,4.65,17
2020-Q4,H2O RESIDENCES,28,2.42,2.49,2.69,21
2020-Q4,HAIG 162,15,3.87,4.36,4.93,12
2020-Q4,HAIG COURT,15,2.5,2.62,2.77,10
2020-Q4,HARBOUR SUITES,4,3.98,4.22,4.53,12
2020-Q4,HARBOUR VIEW TOWERS,4,2.64,2.86,3.25,12
2020-Q4,HARBOURLIGHTS,4,3.06,3.23,3.36,26
2020-Q4,HAWAII TOWER,15,1.79,1.88,2.01,14
2020-Q4,HAZEL PARK CONDOMINIUM,23,1.85,2,2.25,28
2020-Q4,HEDGES PARK CONDOMINIUM,17,2.35,2.6,3.26,32
2020-Q4,HELIOS RESIDENCES,9,3.8,4.21,4.53,10
2020-Q4,HERITAGE VIEW,5,2.99,3.1,3.26,46
2020-Q4,HIGH PARK RESIDENCES,28,3.08,3.38,3.69,74
2020-Q4,HIGH STREET CENTRE,6,6.88,8.1,8.52,17
2020-Q4,HIGHGATE,21,1.78,2.04,2.12,11
2020-Q4,HIGHLINE RESIDENCES,3,4.86,5.43,5.93,49
2020-Q4,HILLBROOKS,23,2.09,2.21,2.32,15
2020-Q4,HILLCREST ARCADIA,11,2.38,2.45,2.79,19
2020-Q4,HILLION RESIDENCES,23,3.69,4.01,4.21,54
2020-Q4,HILLSTA,23,2.65,3.02,3.24,38
2020-Q4,HILLTOPS,9,5.49,5.79,5.95,12
2020-Q4,HILLVIEW GREEN,21,1.88,2.16,2.23,25
2020-Q4,HILLVIEW HEIGHTS,23,2.27,2.3,2.41,24
2020-Q4,HILLVIEW REGENCY,23,2.29,2.43,2.65,19
2020-Q4,HILLVISTA,23,2.51,2.61,2.69,10
2020-Q4,HOLLAND GEMS,10,2.56,2.62,2.67,17
2020-Q4,HOLLAND RESIDENCES,10,3.96,4.28,4.65,13
2020-Q4,HORIZON RESIDENCES,5,3.51,3.66,3.92,11
2020-Q4,HORIZON TOWERS,9,2.09,2.32,2.44,17
2020-Q4,HUME PARK I,21,1.77,1.86,2.32,13
2020-Q4,HUME PARK II,21,1.92,2.06,2.18,15
2020-Q4,HUNDRED TREES,5,2.98,3.1,3.55,26
2020-Q4,ICON,2,4.32,4.71,4.97,90
2020-Q4,ILLUMINAIRE ON DEVONSHIRE,9,5.01,5.15,5.31,12
2020-Q4,INTERNATIONAL PLAZA,2,2.68,2.9,3.1,20
2020-Q4,J GATEWAY,22,4.17,4.57,5.05,91
2020-Q4,JADE RESIDENCES,19,3.31,3.5,3.61,10
2020-Q4,JARDIN,21,3.05,3.1,3.16,11
2020-Q4,JEWEL @ BUANGKOK,19,2.93,3.08,3.53,38
2020-Q4,JOOL SUITES,8,4.34,4.58,4.74,14
2020-Q4,KALLANG RIVERSIDE,12,4.28,4.7,4.87,15
2020-Q4,KAP RESIDENCES,21,3.71,3.9,4.05,27
2020-Q4,KASTURINA LODGE,10,3.3,3.35,3.51,11
2020-Q4,KATONG REGENCY,15,3.86,4.38,4.54,30
2020-Q4,KENSINGTON SQUARE,19,2.93,3.38,3.92,18
2020-Q4,KERRISDALE,8,2.87,2.94,3.06,18
2020-Q4,KIM SIA COURT,9,2.36,2.44,2.81,20
2020-Q4,KINGSFORD . HILLVIEW PEAK,23,3.19,3.61,3.79,35
2020-Q4,KINGSFORD WATERBAY,19,2.98,3.27,3.61,45
2020-Q4,KOVAN MELODY,19,2.6,2.71,2.95,39
2020-Q4,KOVAN REGENCY,19,3.03,3.19,3.72,29
2020-Q4,KOVAN RESIDENCES,19,2.78,2.91,3.14,36
2020-Q4,KUM HING COURT,10,2.03,2.09,2.22,24
2020-Q4,L'VIV,11,4.29,4.56,4.67,23
2020-Q4,LA BRISA,14,3.61,3.78,3.97,11
2020-Q4,LA FIESTA,19,2.85,3.07,3.2,86
2020-Q4,LA FLEUR,14,3.65,4.03,4.29,12
2020-Q4,LA SUISSE,11,1.83,1.91,2.12,16
2020-Q4,LA VIDA @ 130,15,3.68,3.74,3.91,11
2020-Q4,LAKE GRANDE,22,3.74,4.11,4.58,56
2020-Q4,LAKEPOINT CONDOMINIUM,22,1.58,2.2,2.37,13
2020-Q4,LAKEVILLE,22,3.15,3.39,3.62,67
2020-Q4,LE CRESCENDO,14,2.64,2.67,2.77,19
2020-Q4,LE HILL CONDOMINIUM,5,2.58,2.62,2.7,12
2020-Q4,LE QUEST,23,3.64,3.93,4.05,58
2020-Q4,LE REGAL,14,2.95,3.8,4.1,17
2020-Q4,LEEDON 2,10,3.31,3.55,3.65,10
2020-Q4,LEEDON RESIDENCE,10,3.83,4.13,4.4,21
2020-Q4,LEONIE CONDOTEL,9,3.11,3.17,3.29,18
2020-Q4,LEONIE SUITES,9,3.97,4.06,4.39,15
2020-Q4,LINCOLN SUITES,11,4.33,5.12,5.62,25
2020-Q4,LIV ON SOPHIA,9,5.12,5.39,5.65,13
2020-Q4,LIV ON WILKIE,9,4.12,4.99,5.42,10
2020-Q4,LIVIA,18,2.16,2.32,2.5,28
2020-Q4,LOFT @ NATHAN,10,3.32,4.37,4.76,17
2020-Q4,LOFT @ STEVENS,10,4.59,5.04,5.45,10
2020-Q4,LOFT@HOLLAND,10,5.57,6.5,6.97,11
2020-Q4,LOTUS AT JOO CHIAT,15,3.61,3.72,4.13,10
2020-Q4,LOTUS AT PAYA LEBAR (EAST WING),14,2.98,3.35,4.4,18
2020-Q4,LOYANG VALLEY,17,1.39,1.58,1.74,18
2020-Q4,LUCKY PLAZA APARTMENTS,9,3.24,3.38,3.57,10
2020-Q4,LUMA,9,3.64,3.84,4.04,17
2020-Q4,LUMIERE,2,4.04,4.34,4.75,37
2020-Q4,MACKENZIE 88,9,3.35,3.9,4.53,13
2020-Q4,MANDARIN GARDENS,15,2.14,2.36,2.73,57
2020-Q4,MAPLE WOODS,21,2.5,2.71,2.91,36
2020-Q4,MARINA BAY RESIDENCES,1,5.05,5.33,5.84,58
2020-Q4,MARINA BAY SUITES,1,4,4.19,4.4,32
2020-Q4,MARINA ONE RESIDENCES,1,4.51,4.78,5.11,151
2020-Q4,MARINE BLUE,15,3.98,4.22,4.45,14
2020-Q4,MARTIN NO 38,9,5.35,5.57,5.8,10
2020-Q4,MARTIN PLACE RESIDENCES,9,4.36,4.54,5.08,28
2020-Q4,MAYSPRINGS,23,1.95,2.27,2.55,42
2020-Q4,MEADOWS @ PEIRCE,26,1.97,2.19,2.33,23
2020-Q4,MELROSE PARK,10,3.42,3.51,3.55,12
2020-Q4,MELVILLE PARK,18,2.14,2.3,2.4,82
2020-Q4,MERAPRIME,3,3.95,4.23,4.4,20
2020-Q4,MI CASA,23,2.14,2.2,2.33,16
2020-Q4,MIDTOWN RESIDENCES,19,3.2,3.64,3.87,17
2020-Q4,MILL POINT,10,4.15,4.27,4.65,13
2020-Q4,MIRAGE TOWER,9,2.77,3.34,4.21,25
2020-Q4,MON JERVOIS,10,3.58,3.8,4.01,13
2020-Q4,MOUNT SOPHIA SUITES,9,4.22,4.44,4.84,10
2020-Q4,MY MANHATTAN,18,3.08,3.25,3.8,39
2020-Q4,NATURA@HILLVIEW,23,3.12,3.62,3.75,23
2020-Q4,NEEM TREE,12,4,4.22,4.39,11
2020-Q4,NEPTUNE COURT,15,1.65,1.81,1.93,21
2020-Q4,NEWEST,5,3.46,3.54,3.79,13
2020-Q4,NEWTON EDGE,9,3.38,4,4.64,19
2020-Q4,NEWTON GEMS,11,3.4,3.45,3.63,24
2020-Q4,NIN RESIDENCE,13,3.01,3.32,4.1,27
2020-Q4,NINE RESIDENCES,27,3.01,3.15,3.3,11
2020-Q4,NORTH PARK RESIDENCES,27,3.62,3.9,4.4,42
2020-Q4,NORTHVALE,23,2.02,2.12,2.34,34
2020-Q4,NOTTINGHILL SUITES,21,3.7,4.15,4.36,26
2020-Q4,NOUVEL 18,10,5.13,5.39,5.55,15
2020-Q4,NOVA 88,12,2.96,3.13,3.65,13
2020-Q4,NOVENA COURT,11,2.76,3.02,3.19,19
2020-Q4,NOVENA LODGE,11,2.88,2.98,3.15,10
2020-Q4,NOVENA REGENCY,11,3.25,3.99,4.66,10
2020-Q4,NV RESIDENCES,18,2.38,2.5,2.76,40
2020-Q4,OASIS @ ELIAS,18,2.2,2.28,2.4,18
2020-Q4,OCEAN PARK,15,2.15,2.25,2.37,16
2020-Q4,OKIO,12,4.03,4.21,4.59,19
2020-Q4,OLEANDER TOWERS,12,2.68,2.9,2.92,16
2020-Q4,ONE-NORTH RESIDENCES,5,3.76,4.05,4.39,45
2020-Q4,ONE AMBER,15,3.02,3.34,3.55,45
2020-Q4,ONE DEVONSHIRE,9,4.89,5.02,5.28,11
2020-Q4,ONE DUSUN RESIDENCES,12,3.73,3.79,4.19,24
2020-Q4,ONE JERVOIS,10,3.53,3.81,3.86,20
2020-Q4,ONE LEICESTER,13,2.63,2.68,2.94,11
2020-Q4,ONE SHENTON,1,3.94,4.28,5.12,46
2020-Q4,ONE ST MICHAEL'S,12,2.49,2.7,2.87,11
2020-Q4,OPTIMA @ TANAH MERAH,16,2.93,3.18,3.57,37
2020-Q4,ORCHARD SCOTTS,9,3.87,4.08,4.82,10
2020-Q4,ORCHARD TOWERS,9,1.93,2.06,2.25,14
2020-Q4,ORCHID PARK CONDOMINIUM,27,1.88,2.06,2.19,35
2020-Q4,OUE TWIN PEAKS,9,5.28,5.52,5.83,68
2020-Q4,PALM GARDENS,23,1.91,2.01,2.08,18
2020-Q4,PALM ISLES,17,2.48,2.67,3.11,36
2020-Q4,PALM SPRING,10,2.69,2.79,2.85,12
2020-Q4,PANDAN VALLEY,21,1.72,1.88,1.99,31
2020-Q4,PARBURY HILL CONDOMINIUM,16,2.13,2.2,2.29,11
2020-Q4,PARC CENTROS,19,2.62,3.01,3.78,42
2020-Q4,PARC ELEGANCE,15,3.77,3.96,4.21,10
2020-Q4,PARC EMILY,9,3.82,4.05,4.19,35
2020-Q4,PARC IMPERIAL,5,4.36,4.7,5.02,30
2020-Q4,PARC OASIS,22,2.12,2.28,2.45,49
2020-Q4,PARC OLYMPIA,17,2.26,2.6,2.88,35
2020-Q4,PARC PALAIS,21,1.94,2.14,2.42,25
2020-Q4,PARC RIVIERA,5,3.52,3.66,4.03,53
2020-Q4,PARC ROSEWOOD,25,3.16,3.48,3.72,59
2020-Q4,PARC SOPHIA,9,3.72,3.92,4.4,27
2020-Q4,PARC VERA,19,2.53,2.67,2.83,19
2020-Q4,PARC VISTA,22,2.18,2.24,2.39,47
2020-Q4,PARK EAST,15,2.05,2.25,2.29,11
2020-Q4,PARK INFINIA AT WEE NAM,11,4.01,4.32,4.69,46
2020-Q4,PARK PLACE RESIDENCES AT PLQ,14,4.5,4.65,5.16,88
2020-Q4,PARKSHORE,15,2.28,2.44,2.81,14
2020-Q4,PARKVIEW APARTMENTS,23,2.12,2.23,2.37,23
2020-Q4,PARVIS,10,3.79,3.88,4.12,27
2020-Q4,PASTORAL VIEW,11,3.03,3.38,4.01,15
2020-Q4,PATERSON RESIDENCE,9,3.94,4.01,4.45,12
2020-Q4,PAVILION 11,11,3,3.27,3.64,12
2020-Q4,PEBBLE BAY,15,2.83,3.08,3.25,38
2020-Q4,PEOPLE'S PARK COMPLEX,1,3.41,3.91,4.37,22
2020-Q4,POLLEN & BLEU,10,4.02,4.29,4.65,11
2020-Q4,PRESTIGE HEIGHTS,12,4.23,4.69,5.04,18
2020-Q4,PRIMO RESIDENCES,19,2.25,2.75,3.03,10
2020-Q4,PRINCIPAL GARDEN,3,4.16,4.73,5.07,28
2020-Q4,Q BAY RESIDENCES,18,2.5,2.71,3.16,56
2020-Q4,QUEENS,3,3.01,3.17,3.37,46
2020-Q4,QUEENS PEAK,3,4.13,4.35,5.09,114
2020-Q4,QUESTA @ DUNMAN,15,3.18,3.44,3.48,13
2020-Q4,RAFFLESIA CONDOMINIUM,20,2.65,2.74,2.84,14
2020-Q4,REFLECTIONS AT KEPPEL BAY,4,3.84,4.04,4.37,133
2020-Q4,REGENCY PARK,10,2.57,2.83,3.19,21
2020-Q4,REGENT GROVE,23,1.96,2,2.14,23
2020-Q4,REGENT HEIGHTS,23,2.08,2.15,2.38,26
2020-Q4,REGENT PARK,5,2.66,2.71,2.88,17
2020-Q4,REGENT RESIDENCES,12,2.97,3.12,3.88,27
2020-Q4,REGENTVILLE,19,2.18,2.31,2.45,22
2020-Q4,RESIDENCES @ EVELYN,11,3.53,3.6,3.72,20
2020-Q4,REZI 26,14,3.27,3.53,4.09,17
2020-Q4,REZI 35,14,3.38,3.51,4.19,12
2020-Q4,RIDGEWOOD,10,1.97,2.17,2.32,31
2020-Q4,RIPPLE BAY,18,2.58,2.97,3.34,45
2020-Q4,RIS GRANDEUR,18,1.92,1.95,2.04,14
2020-Q4,RIVER ISLES,19,2.25,2.52,2.63,17
2020-Q4,RIVER PLACE,3,3.39,3.61,3.87,66
2020-Q4,RIVERBANK @ FERNVALE,28,2.81,2.9,3.05,17
2020-Q4,RIVEREDGE,15,3.38,3.51,3.6,12
2020-Q4,RIVERGATE,9,4.19,4.41,4.77,47
2020-Q4,RIVERSAILS,19,2.35,2.49,2.79,53
2020-Q4,RIVERSIDE 48,9,3.3,3.54,3.83,16
2020-Q4,RIVERSOUND RESIDENCE,19,2.22,2.45,2.69,16
2020-Q4,RIVERTREES RESIDENCES,28,2.86,3.09,3.36,20
2020-Q4,RIVERVALE CREST,19,1.94,2.07,2.14,17
2020-Q4,RIVERWALK APARTMENTS,1,3.19,3.41,3.53,10
2020-Q4,RIVIERA 38,12,2.72,3.57,4.31,10
2020-Q4,ROBERTSON 100,9,3.74,3.92,4.22,26
2020-Q4,ROBIN RESIDENCES,10,4.2,4.74,5.34,23
2020-Q4,ROBIN SUITES,10,4.97,5.19,5.29,14
2020-Q4,ROBINSON SUITES,1,5.16,5.53,5.86,40
2020-Q4,ROCHELLE AT NEWTON,11,3.54,3.72,4.08,12
2020-Q4,ROSEWOOD,25,2.09,2.16,2.26,14
2020-Q4,RV EDGE,10,5.06,5.55,5.74,27
2020-Q4,RV RESIDENCES,10,4.3,4.57,5.6,25
2020-Q4,RV SUITES,10,4.06,4.45,4.84,13
2020-Q4,SANCTUARY GREEN,15,2.69,2.83,3.14,32
2020-Q4,SANT RITZ,13,3.59,3.86,4.07,27
2020-Q4,SAVANNAH CONDOPARK,18,2.04,2.19,2.35,18
2020-Q4,SCOTTS 28,9,3.26,3.38,3.55,13
2020-Q4,SCOTTS SQUARE,9,5.81,6.3,7.17,38
2020-Q4,SEA ESTA,18,2.28,2.42,2.81,26
2020-Q4,SEAHILL,5,3.69,3.83,4.35,31
2020-Q4,SEASCAPE,4,4.02,4.1,4.32,15
2020-Q4,SEASONS PARK,26,2.01,2.09,2.16,12
2020-Q4,SEASONS VIEW,20,2.45,2.56,2.63,12
2020-Q4,SEASTRAND,18,2.31,2.49,3.01,31
2020-Q4,SELETAR PARK RESIDENCE,28,2.4,2.73,3.29,30
2020-Q4,SELETARIS,27,1.58,1.76,1.94,15
2020-Q4,SENNETT RESIDENCE,13,3.25,3.52,3.72,41
2020-Q4,SERENITY PARK,28,1.85,2.06,2.11,13
2020-Q4,SEVENTY SAINT PATRICK'S,15,3.39,3.54,3.64,13
2020-Q4,SHANGRI-LA RESIDENCES,10,5.19,5.46,6.41,10
2020-Q4,SHERWOOD TOWER,21,1.78,1.92,2.32,10
2020-Q4,SIGLAP V,15,3.1,3.39,3.66,23
2020-Q4,SIGNATURE PARK,21,1.99,2.13,2.23,56
2020-Q4,SILVERSEA,15,3.82,4.06,4.28,36
2020-Q4,SIMS EDGE,14,3.83,4.15,4.25,11
2020-Q4,SIMS URBAN OASIS,14,3.9,4.21,4.65,74
2020-Q4,SIMSVILLE,14,2.59,2.76,2.89,25
2020-Q4,SKIES MILTONIA,27,2.69,3.03,3.32,26
2020-Q4,SKY GREEN,13,3.29,4.01,4.32,22
2020-Q4,SKY HABITAT,20,3.32,3.43,3.8,28
2020-Q4,SKY VUE,20,3.72,4.13,4.57,53
2020-Q4,SKY@ELEVEN,11,3.18,3.3,3.39,15
2020-Q4,SKYLINE RESIDENCES,4,3.72,4.1,4.83,29
2020-Q4,SKYSUITES@ANSON,2,5.84,6.28,6.67,68
2020-Q4,SKYSUITES17,12,3.98,4.4,4.93,13
2020-Q4,SMART SUITES,14,3.68,3.91,4.22,16
2020-Q4,SOLEIL @ SINARAN,11,4.53,4.83,5.16,32
2020-Q4,SOMMERVILLE PARK,10,2.68,2.82,3.03,23
2020-Q4,SOPHIA HILLS,9,4.21,4.61,4.9,60
2020-Q4,SOPHIA RESIDENCE,9,3.38,3.71,4,36
2020-Q4,SOUTHAVEN II,21,1.89,2.02,2.26,15
2020-Q4,SOUTHBANK,7,4.09,4.28,4.56,20
2020-Q4,SPACE @ KOVAN,19,3.34,3.5,4.12,19
2020-Q4,SPANISH VILLAGE,10,2.11,2.28,2.78,28
2020-Q4,SPOTTISWOODE 18,2,4.65,5.42,5.68,45
2020-Q4,SPOTTISWOODE PARK,2,2.2,2.82,3.06,23
2020-Q4,SPOTTISWOODE RESIDENCES,2,4.26,4.48,4.65,60
2020-Q4,SPOTTISWOODE SUITES,2,4.89,5.3,5.67,28
2020-Q4,SPRING GROVE,10,2.95,3.1,3.17,35
2020-Q4,SPRINGDALE CONDOMINIUM,21,2.3,2.41,2.54,29
2020-Q4,STARLIGHT SUITES,9,3.87,4.13,4.78,15
2020-Q4,STARS OF KOVAN,19,3.83,4.07,4.42,28
2020-Q4,STARVILLE,14,2.17,2.55,3.32,10
2020-Q4,STELLAR RV,10,4.27,4.45,4.84,25
2020-Q4,STRATA,11,3.75,4.25,4.55,14
2020-Q4,STRATFORD COURT,16,2.2,2.24,2.46,11
2020-Q4,STRATUM,18,2.71,3.17,3.46,23
2020-Q4,STURDEE RESIDENCES,8,4.72,4.97,5.48,30
2020-Q4,SUITES @ EASTCOAST,15,3.11,3.83,4.38,18
2020-Q4,SUITES @ NEWTON,11,4.41,4.47,4.65,10
2020-Q4,SUITES @ PAYA LEBAR,19,3.41,4.03,4.4,13
2020-Q4,SUITES AT BUKIT TIMAH,21,3.99,4.65,4.88,10
2020-Q4,SUITES AT ORCHARD,9,4.54,4.95,5.84,19
2020-Q4,SUITES DE LAUREL,21,3.63,3.83,4.22,10
2020-Q4,SUITES@ KATONG,15,3.04,4.31,4.49,14
2020-Q4,SUITES@CHANGI,14,3.94,4.03,4.08,11
2020-Q4,SUNGLADE,19,2.77,2.81,3.04,28
2020-Q4,SUNHAVEN,16,2.06,2.12,2.25,26
2020-Q4,SUNSHINE PLAZA,7,3.1,3.46,3.8,17
2020-Q4,SYMPHONY HEIGHTS,21,2.16,2.31,2.48,34
2020-Q4,SYMPHONY SUITES,27,2.79,2.92,3.18,28
2020-Q4,TANAMERA CREST,16,2.13,2.17,2.3,17
2020-Q4,TANGLIN PARK,10,3,3.16,3.39,25
2020-Q4,TANGLIN REGENCY,10,3.06,3.53,3.8,15
2020-Q4,TANGLIN VIEW,3,3.12,3.24,3.42,17
2020-Q4,TANJONG RIA CONDOMINIUM,15,2.39,2.54,2.58,11
2020-Q4,TERESA VILLE,4,1.88,2.07,2.09,10
2020-Q4,TERRASSE,19,2.68,2.88,3.05,19
2020-Q4,TERRENE AT BUKIT TIMAH,21,2.71,2.8,2.97,10
2020-Q4,TEXTILE CENTRE,7,2.83,3.1,3.17,15
2020-Q4,THE ALPS RESIDENCES,18,3.3,3.6,3.89,42
2020-Q4,THE ANCHORAGE,3,2.55,2.65,2.82,42
2020-Q4,THE ARTE,12,2.65,2.72,2.84,22
2020-Q4,THE ATRIA AT MEYER,15,2.5,2.64,2.73,12
2020-Q4,THE AZURE,4,3.5,3.68,3.75,16
2020-Q4,THE BAYSHORE,16,2.3,2.44,2.57,82
2020-Q4,THE BEACON,2,3.25,3.37,3.79,13
2020-Q4,THE BEAUMONT,9,2.28,2.47,2.65,19
2020-Q4,THE BELVEDERE,15,2.85,2.98,3.13,14
2020-Q4,THE BENCOOLEN,7,3.52,3.67,3.87,33
2020-Q4,THE BERTH BY THE COVE,4,3.16,3.43,3.63,16
2020-Q4,THE BLOSSOMVALE,21,2.55,2.62,2.98,13
2020-Q4,THE BOUTIQ,9,4.22,4.55,4.86,20
2020-Q4,THE CAIRNHILL,9,2.18,2.3,2.44,12
2020-Q4,THE CALROSE,26,2.24,2.29,2.4,13
2020-Q4,THE CASCADIA,21,3.21,3.43,3.7,41
2020-Q4,THE CATHAY RESIDENCE,9,4.01,4.17,4.51,11
2020-Q4,THE CENTRIS,22,2.79,3.15,3.39,34
2020-Q4,THE CLEMENT CANOPY,5,3.69,3.95,4.17,26
2020-Q4,THE CLIFT,1,5.16,5.53,5.73,37
2020-Q4,THE COAST AT SENTOSA COVE,4,3.35,3.55,3.7,30
2020-Q4,THE COLONNADE,10,3.32,3.43,3.56,13
2020-Q4,THE COSMOPOLITAN,9,4.19,4.38,4.53,23
2020-Q4,THE CREEK @ BUKIT,21,3.37,4.04,4.19,17
2020-Q4,THE CREST,3,3.97,4.28,4.7,38
2020-Q4,THE DAIRY FARM,23,1.8,1.95,2.09,24
2020-Q4,THE DRAYCOTT,10,2.58,2.7,2.93,12
2020-Q4,THE ESTA,15,3.17,3.29,3.58,22
2020-Q4,THE ESTUARY,27,2.3,2.48,2.67,33
2020-Q4,THE FOLIAGE,5,3.16,3.86,4.1,10
2020-Q4,THE FORD @ HOLLAND,10,4.6,4.85,5.25,11
2020-Q4,THE FORESTA @ MOUNT FABER,4,3.57,4.61,5.34,24
2020-Q4,THE GALE,17,2.26,2.34,2.46,21
2020-Q4,THE GARDENS AT BISHAN,20,2.24,2.42,2.6,33
2020-Q4,THE GLADES,16,3.54,3.77,4.25,57
2020-Q4,THE GLYNDEBOURNE,11,3.49,3.79,3.89,16
2020-Q4,THE GRANGE,10,3.46,3.54,3.69,12
2020-Q4,THE GREENWICH,28,2.61,2.82,3.03,35
2020-Q4,THE HELICONIA,14,2.06,2.12,2.15,10
2020-Q4,THE HILLFORD,21,4.18,4.46,4.65,30
2020-Q4,THE HILLIER,23,3.4,3.58,3.75,74
2020-Q4,THE HILLSIDE,21,2.01,2.13,2.26,18
2020-Q4,THE IMPERIAL,9,3.89,4.23,4.36,14
2020-Q4,THE INFINITI,5,2.3,2.43,2.54,13
2020-Q4,THE INFLORA,17,2.39,2.59,3.15,34
2020-Q4,THE INSPIRA,9,4.3,4.49,4.81,15
2020-Q4,THE INTERLACE,4,3.17,3.4,3.64,71
2020-Q4,THE INTERWEAVE,12,3.48,4.4,4.65,25
2020-Q4,THE JADE,23,2.4,2.67,2.84,23
2020-Q4,THE LAKEFRONT RESIDENCES,22,3.1,3.4,3.89,57
2020-Q4,THE LAKESHORE,22,2.72,2.88,3.13,52
2020-Q4,THE LANAI,23,2.78,2.86,2.97,28
2020-Q4,THE LAURELS,9,4.99,5.36,5.8,20
2020-Q4,THE LEVELZ,10,3.14,3.31,3.42,10
2020-Q4,THE LIGHT @ CAIRNHILL,9,3.69,3.84,3.95,10
2020-Q4,THE LINE @ TANJONG RHU,15,3.42,4.1,4.85,12
2020-Q4,THE LUXURIE,19,2.61,2.85,3,40
2020-Q4,THE MADEIRA,23,1.99,2.24,2.45,14
2020-Q4,THE MAKENA,15,2.52,2.69,2.83,27
2020-Q4,THE MARBELLA,10,3.14,3.28,3.42,14
2020-Q4,THE MAYFAIR,22,2.57,2.8,2.93,27
2020-Q4,THE MERASAGA,10,3.51,3.66,4.02,11
2020-Q4,THE METROPOLITAN CONDOMINIUM,3,3.31,3.57,3.94,26
2020-Q4,THE METZ,9,5.24,6.06,6.82,16
2020-Q4,THE MEYERISE,15,3.51,3.82,4.03,16
2020-Q4,THE MEZZO,12,3.01,3.1,3.31,14
2020-Q4,THE MILTONIA RESIDENCES,27,2.08,2.34,2.56,35
2020-Q4,THE MINTON,19,2.54,2.7,2.77,48
2020-Q4,THE MKZ,9,3.9,4.16,4.45,11
2020-Q4,THE MONTANA,10,3.47,3.89,4.04,15
2020-Q4,THE NAUTICAL,27,2.5,2.77,3.38,17
2020-Q4,THE NEXUS,21,3.02,3.57,3.81,12
2020-Q4,THE OCEANFRONT @ SENTOSA COVE,4,3.51,3.66,3.86,27
2020-Q4,THE OCTET,14,4.03,4.13,4.29,10
2020-Q4,THE PALETTE,18,2.44,2.57,2.99,37
2020-Q4,THE PANORAMA,20,3.04,3.29,3.7,27
2020-Q4,THE PARC CONDOMINIUM,5,2.76,2.96,3.13,44
2020-Q4,THE PEAK@BALMEG,5,2.7,2.96,2.99,10
2020-Q4,THE PIER AT ROBERTSON,9,4.3,4.57,4.74,28
2020-Q4,THE PLAZA,7,2.72,2.96,3.37,24
2020-Q4,THE POIZ RESIDENCES,13,4.3,4.65,4.76,55
2020-Q4,THE PROMENADE@PELIKAT,19,2.5,3.47,3.68,16
2020-Q4,THE QUARTZ,19,2.32,2.34,2.47,10
2020-Q4,THE QUINN,19,3.17,3.44,3.79,10
2020-Q4,THE RAINTREE,21,2.53,2.68,2.79,11
2020-Q4,THE REGALIA,9,2.63,2.86,2.92,12
2020-Q4,THE REGENCY AT TIONG BAHRU,3,4.03,4.16,4.47,10
2020-Q4,THE RESIDENCES AT W SINGAPORE SENTOSA COVE,4,4.32,4.43,4.5,33
2020-Q4,THE RISE @ OXLEY - RESIDENCES,9,4.61,5.09,5.4,20
2020-Q4,THE ROCHESTER RESIDENCES,5,3.3,3.73,4.03,52
2020-Q4,THE SAIL @ MARINA BAY,1,4.26,4.65,5.05,167
2020-Q4,THE SANTORINI,18,3.13,3.32,3.6,39
2020-Q4,THE SCALA,19,3.35,3.47,4.38,51
2020-Q4,THE SCOTTS TOWER,9,4.69,5.15,5.51,22
2020-Q4,THE SEA VIEW,15,3.29,3.53,3.76,28
2020-Q4,THE SEAFRONT ON MEYER,15,3.12,3.28,3.3,21
2020-Q4,THE SEAWIND,15,3.48,3.64,3.71,11
2020-Q4,THE SHELFORD,11,3.37,3.48,3.58,13
2020-Q4,THE SHORE RESIDENCES,15,3.86,4,4.28,43
2020-Q4,THE SIXTH AVENUE RESIDENCES,10,3.08,3.32,3.45,10
2020-Q4,THE SKYWOODS,23,2.98,3.21,3.51,25
2020-Q4,THE SORRENTO,5,4.45,4.53,4.76,10
2020-Q4,THE SOUND,15,3.17,3.42,3.97,14
2020-Q4,THE SPRINGBLOOM,19,2.4,2.5,2.65,16
2020-Q4,THE STERLING,21,2.6,2.79,2.93,13
2020-Q4,THE SUITES AT CENTRAL,9,4.43,4.53,4.63,14
2020-Q4,THE SUMMIT,16,1.92,2.16,2.32,13
2020-Q4,THE SUNNY SPRING,14,2.45,2.62,2.72,19
2020-Q4,THE TANAMERA,16,2.36,2.43,2.66,12
2020-Q4,THE TEMBUSU,19,2.93,3.32,3.82,25
2020-Q4,THE TENNERY,23,2.79,3.26,3.26,45
2020-Q4,THE TESSARINA,10,2.77,2.87,3.02,18
2020-Q4,THE TIER,12,3.73,3.84,4.04,13
2020-Q4,THE TRILINQ,5,3.61,3.91,4.27,41
2020-Q4,THE TRILLIUM,9,3.78,4,4.18,19
2020-Q4,THE TRIZON,10,3.19,3.3,3.37,16
2020-Q4,THE TROPICA,18,2.17,2.24,2.35,12
2020-Q4,THE TRUMPS,14,2.94,3.12,3.33,12
2020-Q4,THE VENUE RESIDENCES,13,3.29,3.34,3.55,11
2020-Q4,THE VERMONT ON CAIRNHILL,9,4.19,4.4,4.48,19
2020-Q4,THE VERVE,12,3.08,3.32,3.88,11
2020-Q4,THE VIRIDIAN,12,3.77,4.06,4.19,12
2020-Q4,THE VISION,5,3.16,3.43,3.67,19
2020-Q4,THE WARREN,23,2.08,2.2,2.36,27
2020-Q4,THE WATER EDGE,14,3.96,4.16,4.61,14
2020-Q4,THE WATERINA,14,2.62,2.74,2.98,30
2020-Q4,THE WATERSIDE,15,2.54,2.67,2.85,40
2020-Q4,THE WHARF RESIDENCE,9,4.49,4.84,5.06,20
2020-Q4,THE WISTERIA,27,2.96,3.34,3.64,18
2020-Q4,THOMSON 800,11,2.35,2.46,2.55,19
2020-Q4,THOMSON EURO-ASIA,11,3.29,3.43,3.53,10
2020-Q4,THOMSON GRAND,20,2.5,2.55,2.61,14
2020-Q4,THOMSON IMPRESSIONS,20,3.27,3.83,4.32,25
2020-Q4,THOMSON THREE,20,2.92,3.14,3.52,40
2020-Q4,TIARA,9,2.97,3.12,3.27,17
2020-Q4,TIONG BAHRU ESTATE,3,3.27,3.8,4.2,46
2020-Q4,TRE RESIDENCES,14,3.74,4.03,4.29,54
2020-Q4,TREASURE ON BALMORAL,10,3.57,3.68,3.71,10
2020-Q4,TREE HOUSE,23,2.58,2.64,2.7,11
2020-Q4,TRELLIS TOWERS,12,2.7,3.24,3.54,27
2020-Q4,TRESALVEO,20,2.69,3.1,3.48,23
2020-Q4,TREVISTA,12,3.02,3.2,3.45,35
2020-Q4,TREVOSE PARK,11,2.52,2.92,3.04,12
2020-Q4,TRIBECA,9,3.32,4.56,4.91,18
2020-Q4,TRILIGHT,11,3.56,3.71,4.14,22
2020-Q4,TRILIVE,19,2.72,3.36,3.75,27
2020-Q4,TROPICAL SPRING,18,2.34,2.4,2.44,13
2020-Q4,TROPIKA EAST,14,2.75,3.54,3.8,12
2020-Q4,TURQUOISE,4,3.01,3.46,3.62,10
2020-Q4,TWIN REGENCY,3,3.79,3.95,4.08,15
2020-Q4,UBER 388,16,2.93,3.1,3.23,10
2020-Q4,UE SQUARE,9,3.07,3.28,3.7,33
2020-Q4,UP@ROBERTSON QUAY,9,5.4,6.05,6.37,13
2020-Q4,URBAN LOFTS,8,3.32,3.72,4.24,10
2020-Q4,URBAN SUITES,9,4.68,4.91,5.17,14
2020-Q4,URBAN VISTA,16,3.19,3.57,4.02,97
2020-Q4,URBANA,9,3.66,3.76,3.84,10
2020-Q4,V ON SHENTON,1,4.58,4.96,5.53,72
2020-Q4,VA RESIDENCES,12,3.57,3.72,3.95,16
2020-Q4,VACANZA @ EAST,14,2.68,2.79,2.99,40
2020-Q4,VALLEY PARK,10,2.96,3.1,3.32,61
2020-Q4,VARSITY PARK CONDOMINIUM,5,3.01,3.1,3.35,16
2020-Q4,VIBES@UPPER SERANGOON,19,3.88,4.02,4.17,10
2020-Q4,VIDA,9,4.06,4.74,5.12,13
2020-Q4,VILLA DELLE ROSE,10,2.44,2.54,2.66,11
2020-Q4,VILLA MARINA,15,2.26,2.59,2.66,16
2020-Q4,VILLAGE @ PASIR PANJANG,5,2.87,2.97,3.18,11
2020-Q4,VISIONCREST,9,4.2,4.42,4.75,17
2020-Q4,VISTA RESIDENCES,12,3.2,3.32,3.53,21
2020-Q4,VIVA,11,4.45,4.54,4.91,17
2020-Q4,VIVA VISTA,5,4.62,5.04,5.22,32
2020-Q4,VIVACE,9,4.72,5.09,5.59,22
2020-Q4,VIZ AT HOLLAND,10,3.08,3.36,3.86,18
2020-Q4,VUE 8 RESIDENCE,18,2.66,2.82,3.01,22
2020-Q4,WATER PLACE,15,2.8,2.85,2.98,33
2020-Q4,WATERBANK AT DAKOTA,14,3.71,4.1,4.57,68
2020-Q4,WATERFALL GARDENS,10,2.96,3.19,3.41,10
2020-Q4,WATERFORD RESIDENCE,9,3.69,3.79,3.94,12
2020-Q4,WATERFRONT GOLD,16,2.75,2.87,3.3,37
2020-Q4,WATERFRONT ISLE,16,2.69,2.93,3.38,57
2020-Q4,WATERFRONT KEY,16,2.67,2.81,2.97,14
2020-Q4,WATERMARK ROBERTSON QUAY,9,4.12,4.35,4.43,12
2020-Q4,WATERSCAPE AT CAVENAGH,9,3.56,3.63,3.89,36
2020-Q4,WATERTOWN,19,3.16,3.44,3.63,83
2020-Q4,WATERVIEW,18,2.48,2.63,2.7,29
2020-Q4,WEST BAY CONDOMINIUM,5,2.42,2.58,2.74,27
2020-Q4,WESTCOVE CONDOMINIUM,5,2.29,2.37,2.65,15
2020-Q4,WHITEHAVEN,5,3.56,4.27,4.42,13
2020-Q4,WILKIE 80,9,4.24,4.64,5.09,14
2020-Q4,WING FONG MANSIONS/WING FONG COURT,14,2.09,2.37,2.61,23
2020-Q4,WOODHAVEN,25,2.8,2.96,3.2,35
2020-Q4,YONG AN PARK,9,2.71,2.94,3.15,17
2020-Q4,ZEDGE,11,3.55,3.84,4.04,15
2020-Q4,ZENITH,10,3.9,4.04,4.39,12
